datetime,title,tag,url
2023-11-27 10:22:07.899,"Israel, Hamas to extend truce for two more days, Qatar says",world,https://www.theglobeandmail.com/world/article-israel-hamas-gaza-war-hostage-release/
2023-11-26 23:53:16.140,"Irregular meals, benches as beds: as hostages return to Israel, details of captivity begin to emerge",world,https://www.theglobeandmail.com/world/article-irregular-meals-benches-as-beds-as-hostages-return-to-israel-details/
2023-11-26 22:12:15.873,"Three Palestinian men attending holiday gathering shot, injured near University of Vermont",world,https://www.theglobeandmail.com/world/article-3-men-of-palestinian-descent-attending-holiday-gathering-shot-injured/
2023-11-26 22:05:52.684,"Elon Musk to meet Israeli president, Gaza hostage families on Monday",world,https://www.theglobeandmail.com/world/article-elon-musk-to-meet-israeli-president-gaza-hostage-families-on-monday/
2023-11-26 21:10:36.857,"March against anti-Semitism draws 50,000 in London",world,https://www.theglobeandmail.com/world/article-march-against-anti-semitism-draws-50000-in-london/
2023-11-26 20:24:59.139,Biden says 4-year-old Abigail Edan was released by Hamas. He hopes more U.S. hostages will be freed,world,https://www.theglobeandmail.com/world/article-biden-says-4-year-old-abigail-edan-was-released-by-hamas-he-hopes-more/
2023-11-26 16:41:03.640,"Israeli-linked chemical tanker seized in Gulf of Aden, says U.S. official, vessel company",world,https://www.theglobeandmail.com/world/article-israeli-linked-chemical-tanker-seized-in-gulf-of-aden-says-us-official/
2023-11-25 22:42:08.253,Lebanese residents of border towns come back during a fragile ceasefire between Hamas and Israel,british columbia,https://www.theglobeandmail.com/canada/british-columbia/article-lebanese-residents-of-border-towns-come-back-during-a-fragile/
2023-11-25 17:58:26.089,Tens of thousands march in London calling for a permanent cease-fire in Gaza,world,https://www.theglobeandmail.com/world/article-tens-of-thousands-march-in-london-calling-for-a-permanent-cease-fire/
2023-11-25 04:25:54.252,"Hamas releases 10 Thai hostages, four of whom had not been listed as abducted",world,https://www.theglobeandmail.com/world/article-four-of-10-thai-hostages-released-by-hamas-had-not-been-listed-as/
2023-11-25 04:05:47.328,Israel reviews list of hostages set to be freed by Hamas on Saturday,world,https://www.theglobeandmail.com/world/article-israel-reviews-list-of-hostages-set-to-be-freed-by-hamas-on-saturday/
2023-11-25 03:55:02.380,Families of hostages not slated for release from Gaza during current truce face enduring nightmare,world,https://www.theglobeandmail.com/world/article-families-of-hostages-not-slated-for-release-from-gaza-during-current/
2023-11-25 01:09:02.643,York University professor among those charged with defacing Indigo store,canada,https://www.theglobeandmail.com/canada/article-york-university-professor-among-those-charged-with-defacing-indigo/
2023-11-25 00:21:48.919,"Canada’s role in responding to Palestinian refugee crisis a potential ‘minefield,’ experts say",analysis,https://www.theglobeandmail.com/canada/article-canadas-role-in-responding-to-palestinian-refugee-crisis-a-potential/
2023-11-24 23:31:23.399,An Israeli-Canadian who videotaped the Oct. 7 attack is on a speaking tour,canada,https://www.theglobeandmail.com/canada/article-an-israeli-canadian-who-videotaped-the-oct-7-attack-is-on-a-speaking/
2023-11-24 22:01:49.076,Palestinians rejoice over release of detainees as part of agreement to free Israeli hostages ,world,https://www.theglobeandmail.com/world/article-palestinian-families-rejoice-over-release-of-minors-and-women-in/
2023-11-24 21:47:46.683,Politics Briefing: Trudeau has sharp words for Conservative policy on Ukraine,politics,https://www.theglobeandmail.com/politics/article-politics-briefing-trudeau-has-sharp-words-for-conservative-policy-on/
2023-11-24 18:15:39.902,"Hamas hostage deal ‘progress’ but long-term peace needs ‘many more steps’, Trudeau says",canada,https://www.theglobeandmail.com/canada/article-hamas-hostage-deal-progress-but-long-term-peace-needs-many-more-steps/
2023-11-24 13:00:00.000,The dream of normalizing ties between Saudi Arabia and Israel is not dead,opinion,https://www.theglobeandmail.com/opinion/article-the-dream-of-normalizing-ties-between-saudi-arabia-and-israel-is-not/
2023-11-24 10:10:10.015,Hamas releases 24 hostages as truce with Israel takes hold in Gaza ,world,https://www.theglobeandmail.com/world/article-israel-hamas-ceasefire-takes-hold-aid-enters-gaza-ahead-of-hostage/
2023-11-24 02:43:16.431,"Toronto police charge 11 in Indigo store vandalism, report spike in hate incidents",canada,https://www.theglobeandmail.com/canada/article-toronto-police-charge-11-in-indigo-store-vandalism-report-spike-in/
2023-11-23 23:16:24.486,Understanding Hamas’s tunnel network in Gaza,world,https://www.theglobeandmail.com/world/article-gaza-tunnels-israel-hamas/
2023-11-23 22:06:21.996,"Evening Update: Israel-Hamas four-day truce starts tomorrow, some Israeli hostages to be released",canada,https://www.theglobeandmail.com/canada/article-evening-update-israel-hamas-four-day-truce-starts-tomorrow-some/
2023-11-23 19:59:39.969,"In Vancouver, Jewish and Palestinian restaurants try to find a new normal",british columbia,https://www.theglobeandmail.com/canada/british-columbia/article-in-vancouver-jewish-and-palestinian-restaurants-try-to-find-a-new/
2023-11-23 14:00:00.000,"How Canadians feel about the Israel-Hamas war, according to new survey",opinion,https://www.theglobeandmail.com/opinion/article-data-dive-with-nik-nanos-how-canadians-feel-about-the-israel-hamas-war/
2023-11-23 13:02:19.723,"Mosque, rabbi unite to condemn hateful attacks across Canada",canada,https://www.theglobeandmail.com/canada/article-mosque-rabbi-unite-to-condemn-hateful-attacks-across-canada/
2023-11-23 12:25:51.855,"Israel-Hamas, Ukraine wars to feature prominently in St. John’s EU-Canada Summit beginning today",canada,https://www.theglobeandmail.com/canada/article-israel-hamas-ukraine-wars-to-feature-prominently-in-eu-canada-summit/
2023-11-23 12:16:26.867,Toronto man says his family needs Canadian help to get out of Gaza,canada,https://www.theglobeandmail.com/canada/article-despite-ceasefire-toronto-man-says-his-family-needs-canadian-help-to/
2023-11-23 10:16:52.910,"Israel and Hamas four-day truce starts tomorrow, some Israeli hostages will be released",world,https://www.theglobeandmail.com/world/article-war-rages-on-in-gaza-as-truce-delayed-until-at-least-friday/
2023-11-23 03:05:23.154,Quebec court delays ratification of McGill student union’s pro-Palestinian referendum,canada,https://www.theglobeandmail.com/canada/article-mcgill-students-israel-referendum/
2023-11-22 17:03:39.808,Dispute erupts over whether Pope Francis called Gaza situation a ‘genocide’,world,https://www.theglobeandmail.com/world/article-dispute-erupts-over-whether-pope-francis-called-gaza-situation-a/
2023-11-22 16:57:44.262,"Israel-Hamas hostage deal offers hope for longer-term peace in Gaza, Trudeau says",politics,https://www.theglobeandmail.com/politics/article-israel-hamas-hostage-deal-offers-hope-for-longer-term-peace-in-gaza/
2023-11-22 10:48:50.893,"Israeli official says talks continuing, hostage release won’t take place before Friday",world,https://www.theglobeandmail.com/world/article-israel-hamas-agree-to-free-hostages-over-four-day-ceasefire/
2023-11-22 01:59:25.182,Indigenous curator’s departure from AGO underscores tensions over Israel-Hamas war at art institutions ,arts,https://www.theglobeandmail.com/arts/article-indigenous-curator-ago-wanda-nanibush/
2023-11-21 10:11:58.325,Netanyahu asks Israeli government to back Hamas hostage deal,world,https://www.theglobeandmail.com/world/article-hamas-truce-israel-gaza-war-hostages/
2023-11-20 21:52:02.353,Relatives of Gaza hostages say stop talk of execution for Hamas detainees,world,https://www.theglobeandmail.com/world/article-relatives-of-gaza-hostages-say-stop-talk-of-execution-for-hamas/
2023-11-20 20:26:34.901,"Liberal, Conservative MPs visit Israel in show of solidarity",politics,https://www.theglobeandmail.com/politics/article-liberal-conservative-mps-visit-israel-in-show-of-solidarity/
2023-11-20 18:30:35.676,Vengeance in war is terrible – and nothing new,opinion,https://www.theglobeandmail.com/opinion/article-vengeance-in-war-is-terrible-and-nothing-new/
2023-11-20 12:02:27.448,China welcomes Arab and Muslim foreign ministers for talks on ending war in Gaza ,world,https://www.theglobeandmail.com/business/international-business/article-china-welcomes-arab-and-muslim-foreign-ministers-for-talks-on-ending/
2023-11-20 11:00:00.000,"In tight-knit community of Nir Oz, survivors of the massacre mourn those lost and a way of life that may never return      ",canada,https://www.theglobeandmail.com/canada/article-hamas-attack-nir-oz-kibbutz/
2023-11-20 10:39:54.413,Israel battles Hamas near another Gaza hospital sheltering thousands; premature babies evacuated to Egypt,world,https://www.theglobeandmail.com/world/article-gunfire-kills-wounds-dozens-in-gaza-hospital-encircled-by-israeli/
2023-11-20 01:11:18.730,Toronto man facing hate-related charges after alleged assaults on Muslims,canada,https://www.theglobeandmail.com/canada/article-toronto-man-facing-hate-related-charges-after-alleged-assaults-on/
2023-11-20 00:22:57.185,"Thirty-one premature babies are evacuated from Gaza’s largest hospital, but scores of trauma patients remain",world,https://www.theglobeandmail.com/world/article-31-premature-babies-are-evacuated-from-gazas-largest-hospital-but/
2023-11-19 22:27:14.955,Ontario school boards grapple with social media and free speech policies after educators’ posts on Israel-Hamas war ,canada,https://www.theglobeandmail.com/canada/article-ontario-educators-middle-east-conflict/
2023-11-19 18:04:19.446,"Israel says Houthis seize ship in Red Sea, no Israelis among owners or crew",world,https://www.theglobeandmail.com/world/article-israel-says-houthis-seize-ship-in-red-sea-no-israelis-among-owners-or/
2023-11-19 13:48:30.131,List of people cleared to leave Gaza Strip via Egypt includes 135 Canadians,canada,https://www.theglobeandmail.com/canada/article-list-of-people-cleared-to-leave-gaza-strip-via-egypt-includes-135/
2023-11-19 12:14:25.492,Israel-Hamas hostage deal edges closer despite fierce fighting in Gaza,world,https://www.theglobeandmail.com/world/article-hamas-battles-israeli-forces-in-north-gaza-hostage-deal-report-denied/
2023-11-18 15:00:00.000,How the Israel-Hamas war is dividing America,u.s. politics,https://www.theglobeandmail.com/world/us-politics/article-american-divisions-over-israel-hamas-war-grow-ugly/
2023-11-18 00:37:44.998,Public division over Israel-Hamas war spills into the arts world,books,https://www.theglobeandmail.com/arts/books/article-public-division-over-israel-hamas-war-spills-into-the-arts-world/
2023-11-18 00:27:04.843,RCMP investigates Imam who called for killing of Zionists at Montreal rally,politics,https://www.theglobeandmail.com/politics/article-rcmp-investigates-imam-who-called-for-killing-of-zionists-at-montreal/
2023-11-17 21:51:31.162,"A famous community, an ancient  hatred",opinion,https://www.theglobeandmail.com/canada/toronto/article-a-famous-community-an-ancient-hatred/
2023-11-17 21:45:29.983,"Israeli troops kill 5 Palestinians, including 3 militants, as West Bank violence surges",world,https://www.theglobeandmail.com/world/article-israeli-troops-kill-5-palestinians-including-3-militants-as-west-bank/
2023-11-17 21:42:32.694,"Trudeau says Israel hurting peace prospects in Gaza, decries Canadians ‘lashing out’",canada,https://www.theglobeandmail.com/canada/article-trudeau-says-israel-hurting-peace-prospects-in-gaza-decries-canadians/
2023-11-17 19:36:57.805,String of incidents in Ottawa linked to antisemitism alarms local Jewish community,canada,https://www.theglobeandmail.com/canada/article-string-of-ottawa-events-linked-to-antisemitism-alarms-local-jewish/
2023-11-17 19:15:37.000,Gulf Arab state Bahrain calls for Hamas-Israel ‘hostage trade’,world,https://www.theglobeandmail.com/world/article-gulf-arab-state-bahrain-calls-for-hamas-israel-hostage-trade/
2023-11-17 16:56:56.757,"Columbia, Cornell and other colleges face U.S. inquiries over alleged antisemitism and Islamophobia",world,https://www.theglobeandmail.com/world/article-columbia-cornell-and-other-colleges-face-us-inquiries-over-alleged/
2023-11-17 13:00:00.000,China wants to shape the world alongside the United States. So what does it want in the Middle East?,opinion,https://www.theglobeandmail.com/opinion/article-china-wants-to-shape-the-world-alongside-the-united-states-so-what/
2023-11-17 12:04:51.514,"As the battle for Gaza rages, families of people taken hostage wait with trepidation",world,https://www.theglobeandmail.com/world/article-as-the-battle-for-gaza-rages-families-of-people-taken-hostage-wait/
2023-11-17 10:24:22.974,Israel renews call for Gazans to flee key southern city,world,https://www.theglobeandmail.com/world/article-israel-hamas-war-gaza-november-17/
2023-11-16 22:05:19.989,"Hold Israel to fighting within the rules, but blame Hamas for the war, and its casualties",opinion,https://www.theglobeandmail.com/opinion/article-hold-israel-to-fighting-within-the-rules-but-blame-hamas-for-the-war/
2023-11-16 20:36:27.847,Israel’s raid on al-Shifa Hospital is a litmus test,opinion,https://www.theglobeandmail.com/opinion/article-israels-raid-on-al-shifa-hospital-is-a-litmus-test/
2023-11-16 18:21:17.283,Israeli forces kill three Palestinian gunmen who killed soldier,world,https://www.theglobeandmail.com/world/article-israeli-forces-kill-three-palestinian-gunmen-who-killed-soldier/
2023-11-16 17:49:39.515,California authorities arrest college professor in connection with death of Jewish demonstrator ,world,https://www.theglobeandmail.com/world/article-california-authorities-arrest-man-in-death-of-jewish-demonstrator/
2023-11-16 16:41:23.525,France calls West Bank Israeli settler violence ‘policy of terror’,world,https://www.theglobeandmail.com/world/article-france-calls-west-bank-israeli-settler-violence-policy-of-terror/
2023-11-16 15:30:00.000,The international order has failed the Palestinians ,opinion,https://www.theglobeandmail.com/opinion/article-the-international-order-has-failed-the-palestinians/
2023-11-16 10:29:48.877,"Internet, phone networks collapse in Gaza, threatening to worsen humanitarian crisis; Israel displays tunnel entrances inside compound ",world,https://www.theglobeandmail.com/world/article-israel-hamas-gaza-war-al-shifa-hospital-3/
2023-11-16 01:50:27.533,Pro-Palestinian protest against Trudeau outside Vancouver cocktail bar required 100 officers; demonstrator stunned with a Taser,canada,https://www.theglobeandmail.com/canada/article-protest-against-trudeau-outside-vancouver-cocktail-bar-required-100/
2023-11-15 22:21:07.345,‘It was like hell’: Canadian family returned from Gaza recount 30 nights of Israeli air strikes,canada,https://www.theglobeandmail.com/canada/article-canadians-return-gaza-strip/
2023-11-15 10:50:52.022,Israeli troops deepen search at main Gaza hospital for evidence of Hamas ,world,https://www.theglobeandmail.com/world/article-israel-hamas-gaza-shifa-hospital/
2023-11-15 10:00:00.000,Qatar’s behind-the-scenes role in the Israel-Hamas war ,the decibel: a daily news podcast from the globe and mail,https://www.theglobeandmail.com/podcasts/the-decibel/article-qatars-behind-the-scenes-role-in-the-israel-hamas-war/
2023-11-14 19:03:48.598,Several charged after Scotiabank Giller Prize gala interrupted during televised bash,canada,https://www.theglobeandmail.com/canada/article-several-charged-after-scotiabank-giller-prize-gala-interrupted-during/
2023-11-14 17:33:06.785,Police investigating after 16 Montreal metro stations covered overnight with pro-Palestinian posters,canada,https://www.theglobeandmail.com/canada/article-police-investigating-after-16-montreal-subway-stations-covered/
2023-11-14 13:41:11.245,Hundreds of U.S. officials sign letter protesting Biden’s support of Israel in Gaza war,u.s. politics,https://www.theglobeandmail.com/world/us-politics/article-hundreds-of-us-officials-sign-letter-protesting-bidens-support-of/
2023-11-14 10:23:35.417,"Israel raids Gaza’s Al Shifa Hospital, urges Hamas to surrender",world,https://www.theglobeandmail.com/world/article-israel-hamas-gaza-war-al-shifa-hospital-2/
2023-11-14 02:23:18.803,"Officials identify body of Canadian peace activist Vivian Silver, killed in Oct. 7 Hamas attack",canada,https://www.theglobeandmail.com/canada/article-canadian-peace-activist-vivian-silver-confirmed-dead-in-israel/
2023-11-13 20:43:15.991,"Netanyahu’s tough approach to Gaza may wipe out Hamas, but at what cost?",opinion,https://www.theglobeandmail.com/opinion/article-netanyahus-tough-approach-to-gaza-may-wipe-out-hamas-but-at-what-cost/
2023-11-13 20:17:44.912,Israeli hostage families urge women’s groups to speak up,world,https://www.theglobeandmail.com/world/article-israeli-hostage-families-urge-womens-groups-to-speak-up/
2023-11-13 11:57:49.959,"Ten more people with ties to Canada have managed to leave Gaza, Global Affairs says",canada,https://www.theglobeandmail.com/canada/article-hundreds-of-canadians-cross-at-rafah-on-sunday-but-none-appear-on-list/
2023-11-13 10:30:53.123,"Medics and patients, including babies, stranded as battles rage around Gaza hospitals ",world,https://www.theglobeandmail.com/world/article-israel-hamas-gaza-war-al-shifa-hospital/
2023-11-13 04:36:42.000,"U.S. conducts airstrikes against Iran-backed groups in Syria, retaliating for attacks on American troops",world,https://www.theglobeandmail.com/world/article-us-conducts-airstrikes-against-iran-backed-groups-in-syria-retaliating/
2023-11-13 02:09:16.138,Largest group of Canadians yet flees Gaza while others hope for their turn,canada,https://www.theglobeandmail.com/canada/article-largest-group-of-canadians-yet-flees-gaza-while-others-hope-for-their/
2023-11-13 01:53:19.239,Military training efforts for Ukraine hit major milestones even as attention shifts to Gaza,world,https://www.theglobeandmail.com/world/article-military-training-efforts-for-ukraine-hit-major-milestones-even-as/
2023-11-13 00:48:32.887,‘From the river to the sea’ chant sparks free-speech debate after Calgary protester charged ,canada,https://www.theglobeandmail.com/canada/article-from-the-river-to-sea-chant-sparks-free-speech-debate-after-calgary/
2023-11-12 21:48:57.324,"Protesters demonstrate against world leaders, Israel-Hamas war as APEC comes to San Francisco",world,https://www.theglobeandmail.com/world/article-protesters-demonstrate-against-world-leaders-israel-hamas-war-as-apec/
2023-11-12 20:47:21.783,"More than 180,000 people across France march against soaring antisemitism amid the Israel-Hamas war",world,https://www.theglobeandmail.com/world/article-more-than-180000-people-across-france-march-against-soaring/
2023-11-12 18:22:25.893,Protesters demonstrate across Canada as Israel-Hamas war rages,canada,https://www.theglobeandmail.com/canada/article-protesters-set-to-demonstrate-across-canada-as-israel-hamas-war-rages/
2023-11-11 19:54:54.550,Rafah land crossing to reopen for foreigners Sunday: Gaza border authority,world,https://www.theglobeandmail.com/world/article-rafah-land-crossing-to-reopen-for-foreigners-sunday-gaza-border/
2023-11-11 19:15:09.625,Thousands peacefully march in London in support of Palestinians as right-wing protesters clash with police,world,https://www.theglobeandmail.com/world/article-london-protest-palestinians-remembrance-day/
2023-11-11 17:09:49.507,Hezbollah says it is introducing new weapons in ongoing battles with Israeli troops,world,https://www.theglobeandmail.com/world/article-hezbollah-says-it-is-introducing-new-weapons-in-ongoing-battles-with/
2023-11-11 16:01:47.336,Arab and Muslim leaders call for immediate end to Israel’s war in Gaza,world,https://www.theglobeandmail.com/world/article-arab-and-muslim-leaders-call-for-immediate-end-to-israels-war-in-gaza/
2023-11-11 02:28:38.678,Antisemitism a growing concern after spike in hate-related incidents,canada,https://www.theglobeandmail.com/canada/article-antisemitism-a-growing-concern-after-spike-in-hate-related-incidents/
2023-11-11 00:51:20.707,Biden’s support for Israel may affect his re-election prospects,world,https://www.theglobeandmail.com/world/article-bidens-support-for-israel-may-affect-his-re-election-prospects/
2023-11-11 00:38:09.257,"As Gaza death toll rises, Israel faces pressure to protect Palestinian civilians",world,https://www.theglobeandmail.com/world/article-as-gaza-death-toll-rises-israel-faces-pressure-to-protect-palestinian/
2023-11-10 23:29:07.204,Thousands who were sheltering at Gaza City’s hospitals flee as Israel-Hamas war closes in,world,https://www.theglobeandmail.com/world/article-thousands-who-were-sheltering-at-gaza-citys-hospitals-flee-as-israel/
2023-11-10 22:28:36.803,"A child killed on average every 10 minutes in Gaza, says WHO chief",world,https://www.theglobeandmail.com/world/article-a-child-killed-on-average-every-10-minutes-in-gaza-says-who-chief/
2023-11-10 21:56:19.546,France’s Macron urges Israel to stop bombing Gaza ,world,https://www.theglobeandmail.com/world/article-frances-macron-urges-israel-to-stop-bombing-gaza/
2023-11-10 21:13:56.729,Université de Montréal suspends lecturer filmed at Israel-Hamas protest,canada,https://www.theglobeandmail.com/canada/article-universite-de-montreal-suspends-lecturer-filmed-at-israel-hamas/
2023-11-10 19:02:35.928,Dubai to stage high-profile airshow next week amid rising tensions over Israel-Hamas war,international business,https://www.theglobeandmail.com/business/international-business/article-dubai-to-stage-high-profile-airshow-next-week-amid-rising-tensions/
2023-11-10 17:00:14.590,"Israel, Hamas and the futility of evil",opinion,https://www.theglobeandmail.com/opinion/article-israel-hamas-and-the-futility-of-evil/
2023-11-10 17:00:00.000,Why do people hate Israel?,opinion,https://www.theglobeandmail.com/opinion/article-why-do-people-hate-israel/
2023-11-10 16:06:33.318,Three pro-Palestinian protesters deny committing terrorism offences at London rally,world,https://www.theglobeandmail.com/world/article-three-pro-palestinian-protesters-deny-committing-terrorism-offences-at/
2023-11-10 16:01:01.740,Palestinian human rights groups ask war crimes court to probe Israel over genocide allegations,world,https://www.theglobeandmail.com/world/article-palestinian-human-rights-groups-ask-war-crimes-court-to-probe-israel/
2023-11-10 14:07:26.362,Blinken says ‘far too many’ Palestinians have died as Israel wages relentless war on Hamas,world,https://www.theglobeandmail.com/world/article-blinken-says-far-too-many-palestinians-have-died-as-israel-wages/
2023-11-10 12:30:17.309,Damage to Gaza War Cemetery shows challenge of caring for monuments in conflict zones ,canada,https://www.theglobeandmail.com/canada/article-damage-to-gaza-war-cemetery-shows-challenge-of-caring-for-monuments-in/
2023-11-10 11:57:39.142,Morning Update: Jewish communities shaken by spike in hate incidents since onset of Israel-Hamas war,canada,https://www.theglobeandmail.com/canada/article-morning-update-jewish-communities-shaken-by-spike-in-hate-incidents/
2023-11-10 10:20:04.552,"Gaza officials say Israeli strikes at hospitals, school kill 27 amid U.S. unease at death toll ",world,https://www.theglobeandmail.com/world/article-israeli-strikes-hit-near-several-hospitals-as-military-pushes-deeper/
2023-11-10 10:06:48.207,No Canadians approved to leave Gaza on Friday were able to exit,world,https://www.theglobeandmail.com/canada/article-israel-hamas-gaza-canadians-evacuation/
2023-11-10 03:37:30.595,Jewish communities in Canada shaken by spike in hate incidents since onset of Israel-Hamas war ,canada,https://www.theglobeandmail.com/canada/article-jewish-communities-in-canada-shaken-by-spike-in-hate-incidents-since/
2023-11-10 03:01:54.099,"California authorities seek video, urge patience in investigation into death of Jewish demonstrator",world,https://www.theglobeandmail.com/world/article-california-authorities-seek-video-urge-patience-in-investigation-into/
2023-11-10 02:50:32.827,New UN report paints a picture of the devastation of the collapsing Palestinian economy,world,https://www.theglobeandmail.com/world/article-new-un-report-paints-a-picture-of-the-devastation-of-the-collapsing/
2023-11-09 16:39:15.242,"Joly says Palestinians cannot be forced out of Gaza Strip, as 32 more Canadians leave",canada,https://www.theglobeandmail.com/canada/article-canadians-other-foreign-nationals-still-waiting-for-gaza-strip-egypt/
2023-11-09 13:23:15.000,Israeli soldiers take reporters inside Gaza's devastation as civilians flee south,world,https://www.theglobeandmail.com/world/video-israeli-soldiers-take-reporters-inside-gazas-devastation-as-civilians/
2023-11-09 11:26:17.949,"Supports for Gaza evacuees to be determined based on need, immigration minister says",canada,https://www.theglobeandmail.com/canada/article-supports-for-gaza-evacuees-to-be-determined-based-on-need-immigration/
2023-11-09 10:03:23.515,"Israel agrees to pauses in Gaza attacks, U.S. says, but no reports of lull in fighting ",world,https://www.theglobeandmail.com/world/article-israel-hamas-gaza-war-ceasefire-evacuations/
2023-11-09 00:19:09.246,"For Canadians who fled Gaza, a mix of relief and survivor’s guilt ",canada,https://www.theglobeandmail.com/canada/article-for-canadians-who-fled-gaza-a-mix-of-relief-and-survivors-guilt/
2023-11-08 23:45:51.671,The Israel-Hamas war is the latest in a century of conflict ,canada,https://www.theglobeandmail.com/canada/article-the-israel-hamas-war-is-the-latest-in-a-century-of-conflict/
2023-11-08 22:33:02.478,Evening Update: Thousands flee northern Gaza as Israel-Hamas war enters second month,canada,https://www.theglobeandmail.com/canada/article-evening-update-thousands-flee-northern-gaza-as-israel-hamas-war-enters/
2023-11-08 16:52:59.730,UN chief says Gaza deaths show something ‘wrong’ with Israel operation,world,https://www.theglobeandmail.com/world/article-un-chief-says-gaza-deaths-show-something-wrong-with-israel-operation/
2023-11-08 10:22:41.943,"Israel-Hamas fight intensifies in Gaza City, accelerating exodus of Palestinians to the south",world,https://www.theglobeandmail.com/world/article-israel-gaza-hamas-war/
2023-11-08 02:54:24.869,House nears vote on censuring Rashida Tlaib over her rhetoric about the Israel-Hamas war,world,https://www.theglobeandmail.com/world/article-house-nears-vote-on-censuring-rashida-tlaib-over-her-rhetoric-about/
2023-11-08 01:45:40.327,Biden under pressure for his stance on Israel-Gaza war as humanitarian crisis worsens,u.s. politics,https://www.theglobeandmail.com/world/us-politics/article-biden-under-pressure-for-his-stance-on-israel-gaza-war-as-humanitarian/
2023-11-07 21:22:21.205,"5 hostages of Hamas are free, offering some hope to families of more than 200 still captive",world,https://www.theglobeandmail.com/world/article-5-hostages-of-hamas-are-free-offering-some-hope-to-families-of-more/
2023-11-07 19:05:36.669,"Jewish man dies after confrontation during pro-Israel, pro-Palestinian demonstrations in California ",world,https://www.theglobeandmail.com/world/article-jewish-man-dies-after-confrontation-during-pro-israel-pro-palestinian/
2023-11-07 17:32:05.167,Montreal police investigating two firebombings at Jewish institutions,canada,https://www.theglobeandmail.com/canada/article-montreal-police-investigating-two-firebombings-at-jewish-institutions/
2023-11-07 17:24:04.322,"U.S. envoy flies to Beirut in surprise visit, says Washington doesn’t want Gaza war to expand",world,https://www.theglobeandmail.com/world/article-us-envoy-flies-to-beirut-in-a-surprise-visit-says-washington-doesnt/
2023-11-07 15:59:17.260,First group of Canadians departs Gaza as Israel ramps up offensive,politics,https://www.theglobeandmail.com/politics/article-israel-canadians-evacuate-gaza/
2023-11-07 11:58:48.616,Israel targets Hamas tunnels after encircling Gaza City,world,https://www.theglobeandmail.com/world/article-israel-readies-for-gaza-city-push-as-un-decries-month-of-middle-east/
2023-11-07 10:57:14.219,Blinken seeks Israel-Hamas war unity as G7 meets in Japan ,world,https://www.theglobeandmail.com/world/article-israel-gaza-hamas-war-g7-blinken-japan/
2023-11-07 02:16:58.986,"Israel says it is open to ‘tactical little pauses’ in Gaza fighting for aid, hostages",world,https://www.theglobeandmail.com/world/article-israel-says-it-is-open-to-gaza-fighting-pauses-for-aid-hostages/
2023-11-07 02:05:13.696,Ottawa under pressure to publish online safety bill to tackle rising antisemitism,politics,https://www.theglobeandmail.com/politics/article-ottawa-under-pressure-to-publish-online-safety-bill-to-tackle-rising/
2023-11-06 21:10:15.357,Rashida Tlaib defends pro-Palestinian video as rift among Michigan Democrats widens over war,world,https://www.theglobeandmail.com/world/article-rashida-tlaib-defends-pro-palestinian-video-as-rift-among-michigan/
2023-11-06 20:59:18.318,Jordan says its open to ‘all options’ as Gaza conflict intensifies,world,https://www.theglobeandmail.com/world/article-jordan-says-its-open-to-all-options-as-gaza-conflict-intensifies/
2023-11-06 18:27:50.770,"A month on, Israeli father agonizes over his family’s fate in Gaza",world,https://www.theglobeandmail.com/world/article-a-month-on-israeli-father-agonizes-over-his-familys-fate-in-gaza/
2023-11-06 17:07:45.128,South Africa becomes latest country to withdraw diplomats from Israel,world,https://www.theglobeandmail.com/world/article-south-africa-becomes-latest-country-to-withdraw-diplomats-from-israel/
2023-11-06 15:03:21.000,Israeli festival survivor returns to caravan where she hid for hours,world,https://www.theglobeandmail.com/world/video-israeli-festival-survivor-returns-to-caravan-where-she-hid-for-hours/
2023-11-06 14:49:24.811,Vancouver man’s family in Gaza ponders whether to stay together so they die together,canada,https://www.theglobeandmail.com/canada/article-vancouver-mans-family-in-gaza-ponders-whether-to-stay-together-so-they/
2023-11-06 11:00:00.000,‘A place to be that’s ours’: Jews around the world consider move to Israel after Hamas attack,world,https://www.theglobeandmail.com/world/article-jewish-immigrants-moving-to-israel/
2023-11-06 03:23:55.931,"UN leaders say Gaza war must ‘stop now’ as reported death toll tops 10,000",world,https://www.theglobeandmail.com/world/article-pressure-on-israel-over-civilians-steps-up-as-ceasefire-calls-rebuffed/
2023-11-06 03:00:20.225,Canadians in Gaza left in limbo after Rafah border crossing closed again,politics,https://www.theglobeandmail.com/politics/article-canadians-in-gaza-left-in-limbo-after-rafah-border-crossing-closed/
2023-11-05 18:41:21.743,"A woman and 3 children are killed by an Israeli airstrike in south Lebanon, local officials say",world,https://www.theglobeandmail.com/world/article-a-woman-and-3-children-are-killed-by-an-israeli-airstrike-in-south/
2023-11-05 12:52:41.356,Netanyahu disciplines Israeli minister who voiced openness to hypothetical nuclear option in Gaza,world,https://www.theglobeandmail.com/world/article-netanyahu-disciplines-israeli-minister-who-voiced-openness-to/
2023-11-05 12:17:17.374,Gaza has lost telecom contact again as Israel’s military announces it has surrounded Gaza City,world,https://www.theglobeandmail.com/world/article-warplanes-strike-gaza-refugee-camp-as-israel-rejects-us-push-for-a/
2023-11-04 22:04:37.253,Demonstrations in support of Gaza take place in at least two dozen Canadian cities,canada,https://www.theglobeandmail.com/canada/article-demonstrations-in-support-of-gaza-take-place-in-at-least-two-dozen/
2023-11-04 11:40:22.009,Ukraine minister says he wants to turn his country into a weapons production hub for the West,report on business,https://www.theglobeandmail.com/business/article-ukraine-minister-says-he-wants-to-turn-his-country-into-a-weapons/
2023-11-04 01:08:35.486,"UN official says the average Gazan is living on two pieces of bread a day, and people need water",world,https://www.theglobeandmail.com/world/article-un-official-says-the-average-gazan-is-living-on-two-pieces-of-bread-a/
2023-11-04 00:15:11.071,Canadians in Gaza told departures might start Sunday as Trudeau and Biden discuss ‘humanitarian pause’  ,u.s. politics,https://www.theglobeandmail.com/world/us-politics/article-trudeau-in-washington-to-discuss-economic-trade-and-humanitarian-pause/
2023-11-03 23:16:00.124,The wave of anger against Israel goes far beyond ordinary scrutiny ,opinion,https://www.theglobeandmail.com/canada/toronto/article-the-wave-of-anger-against-israel-goes-far-beyond-ordinary-scrutiny/
2023-11-03 22:47:28.486,News and Opinion cover the Israel-Hamas war from different perspectives,standards editor,https://www.theglobeandmail.com/standards-editor/article-news-and-opinion-cover-the-israel-hamas-war-from-different/
2023-11-03 21:42:06.801,Israel deports thousands of Palestinian workers back to Gaza’s war zone,world,https://www.theglobeandmail.com/world/article-israel-deports-thousands-of-palestinian-workers-back-to-gazas-war-zone/
2023-11-03 19:18:35.458,"Israel strikes ambulance in Gaza City, many reported killed",world,https://www.theglobeandmail.com/world/article-israel-strikes-ambulance-in-gaza-city-many-reported-killed/
2023-11-03 18:22:59.450,Emotional outburst on live TV from correspondent in Gaza over death of reporter encapsulates collective grief,world,https://www.theglobeandmail.com/world/article-emotional-outburst-on-live-tv-from-correspondent-in-gaza-over-death-of/
2023-11-03 14:44:59.514,"French Institute in Gaza, AFP office hit by Israeli air strike",world,https://www.theglobeandmail.com/world/article-french-institute-in-gaza-and-afp-office-hit-by-israeli-air-strike/
2023-11-03 12:00:00.000,The Jews of my generation thought they would be exempt from history. They were wrong,opinion,https://www.theglobeandmail.com/opinion/article-the-jews-of-my-generation-thought-they-would-be-exempt-from-history/
2023-11-03 09:06:20.165,"Netanyahu resists US pressure to pause the war to allow more aid to Gaza, wants hostages back first",world,https://www.theglobeandmail.com/world/article-israel-hamas-gaza-war-blinken-november-3/
2023-11-03 09:00:00.000,A ‘balance of terror’: The geopolitics of the Israel-Hamas war,the decibel: a daily news podcast from the globe and mail,https://www.theglobeandmail.com/podcasts/the-decibel/article-a-balance-of-terror-the-geopolitics-of-the-israel-hamas-war/
2023-11-03 01:10:46.642,Israeli scientist who helped African farmers fight hunger is now a hostage of Hamas,world,https://www.theglobeandmail.com/world/article-israeli-scientist-who-helped-african-farmers-fight-hunger-is-now-a/
2023-11-02 22:34:47.000,Battle for Gaza rages with 'indescribable' conditions,world,https://www.theglobeandmail.com/world/video-battle-for-gaza-rages-with-indescribable-conditions/
2023-11-02 19:46:32.770,"In Gaza, nothing but war is certain. And resilience is an affliction, not a virtue",opinion,https://www.theglobeandmail.com/opinion/article-in-gaza-nothing-but-war-is-certain-and-resilience-is-an-affliction-not/
2023-11-02 15:56:36.330,"Hezbollah, Israel exchange fire as violence spikes at Lebanese border",world,https://www.theglobeandmail.com/world/article-lebanons-hezbollah-says-it-attacked-israeli-position-in-shebaa-farms/
2023-11-02 15:21:42.856,"After one picture captured Gaza’s grief, the tragedy continues outside the frame",world,https://www.theglobeandmail.com/world/article-after-one-picture-captured-gazas-grief-the-tragedy-continues-outside/
2023-11-02 09:32:55.777,Israel says it has encircled Gaza City; UN team talks of ‘grave risk of genocide’,world,https://www.theglobeandmail.com/world/article-israel-hamas-gaza-war-november-2/
2023-11-02 00:06:01.040,"Israel not in violation of humanitarian law, Israeli jurist says ",world,https://www.theglobeandmail.com/world/article-israel-not-in-violation-of-humanitarian-law-according-to-preeminent/
2023-11-01 23:10:43.054,"More than 3,600 Palestinian children killed in just three weeks of war, Gaza health ministry says",world,https://www.theglobeandmail.com/world/article-more-than-3600-palestinian-children-killed-in-just-three-weeks-of-war/
2023-11-01 17:30:14.234,"Cyprus plans to send humanitarian aid directly to Gaza by ship, where UN personnel would receive it",world,https://www.theglobeandmail.com/world/article-cyprus-plans-to-send-humanitarian-aid-directly-to-gaza-by-ship-where/
2023-11-01 12:34:36.338,"Media freedom group accuses Israel, Hamas of war crimes; reports deaths of 34 journalists",world,https://www.theglobeandmail.com/world/article-media-freedom-group-accuses-israel-hamas-of-war-crimes-reports-deaths/
2023-11-01 10:55:12.204,Vancouver resident says family in Gaza hasn’t had ‘water for the last week’,canada,https://www.theglobeandmail.com/canada/article-vancouver-resident-says-family-in-gaza-hasnt-had-water-for-the-last/
2023-11-01 01:06:08.024,Biden threatens to veto U.S. House Republicans’ Israel-only aid bill,u.s. politics,https://www.theglobeandmail.com/world/us-politics/article-biden-threatens-to-veto-us-house-republicans-israel-only-aid-bill/
2023-10-31 19:44:03.374,Israeli victims’ families urge ICC to investigate Oct. 7 Hamas attacks,world,https://www.theglobeandmail.com/world/article-israeli-victims-families-urge-icc-to-investigate-oct-7-hamas-attacks/
2023-10-31 19:01:36.659,Ottawa’s incoherent position on Gaza must be replaced by principled clarity,opinion,https://www.theglobeandmail.com/opinion/article-ottawas-incoherent-position-on-gaza-must-be-replaced-by-principled/
2023-10-31 01:47:20.417,"Families of Israeli hostages meet Trudeau, ask Ottawa to do more to secure their release ",politics,https://www.theglobeandmail.com/politics/article-families-of-israeli-hostages-meet-trudeau-ask-ottawa-to-do-more-to/
2023-10-30 21:02:31.126,"Since start of war, more than 1,700 Palestinians in the West Bank have disappeared into Israeli custody, officials say     ",world,https://www.theglobeandmail.com/world/article-since-start-of-war-more-than-1700-palestinians-in-the-west-bank-have/
2023-10-30 19:35:21.597,"Palestinian, Israeli advocates in Ottawa reject temporary pauses in Gaza fight ",canada,https://www.theglobeandmail.com/canada/article-melanie-joly-calls-for-humanitarian-pauses-as-she-says-time-is-running/
2023-10-30 16:51:02.426,"Web Summit names Katherine Maher new CEO, aims to move past Israel-Hamas controversy",report on business,https://www.theglobeandmail.com/business/article-web-summit-names-katherine-maher-new-ceo-aims-to-move-past-israel-gaza/
2023-10-30 10:00:00.000,"Joly urges Israel to ease Gaza bombing campaign, citing ‘human tragedy’",politics,https://www.theglobeandmail.com/politics/article-joly-urges-israel-to-ease-gaza-bombing-campaign-citing-human-tragedy/
2023-10-30 04:15:56.270,Russian Rabbi asks Kremlin to punish anti-Israeli protesters who stormed Dagestan airport,world,https://www.theglobeandmail.com/world/article-anti-israeli-protesters-storm-russias-dagestan-airport/
2023-10-30 01:02:52.217,Former Israeli PM says international troops should help stabilize Gaza after war,world,https://www.theglobeandmail.com/world/article-ehud-olmert-nato-gaza-trip/
2023-10-29 23:52:36.586,Trudeau’s antisemitism envoy faces criticism for silence on rising attacks on Jews since Israel-Hamas war,politics,https://www.theglobeandmail.com/politics/article-trudeaus-antisemitism-envoy-faces-criticism-for-silence-on-rising/
2023-10-29 23:45:53.751,Israel’s war rages in Gaza but fear and fury have fallen upon the West Bank too,world,https://www.theglobeandmail.com/world/article-israels-war-rages-in-gaza-but-fear-and-fury-have-fallen-upon-the-west/
2023-10-29 22:49:27.007,Desperate Gazans turn to raiding UN warehouses as supplies dwindle: ‘They want to survive. That’s it’,world,https://www.theglobeandmail.com/world/article-gaza-war-united-nations-aid/
2023-10-29 22:39:06.857,All of us could do with a check of the words we’re using,opinion,https://www.theglobeandmail.com/politics/article-all-of-us-could-do-with-a-check-of-the-words-were-using/
2023-10-29 18:59:55.000,Israel summons Russian ambassador to protest at Moscow’s hosting of Hamas,world,https://www.theglobeandmail.com/world/article-israel-summons-russian-ambassador-to-protest-at-moscows-hosting-of/
2023-10-29 18:24:23.327,"‘Military actions don’t solve anything’, son of Canadian hostage in Gaza says",canada,https://www.theglobeandmail.com/canada/article-son-of-canadian-hostage-in-gaza-military-actions-dont-solve-anything/
2023-10-29 16:18:26.281,"Iran does not want Israel-Hamas conflict to spread, foreign minister says",world,https://www.theglobeandmail.com/world/article-iran-does-not-want-israel-hamas-conflict-to-spread-foreign-minister/
2023-10-29 11:15:23.375,"Gaza receives largest aid shipment so far as deaths top 8,000 and Israel widens military offensive",world,https://www.theglobeandmail.com/world/article-thousands-loot-un-aid-warehouses-in-gaza-as-desperation-grows-and/
2023-10-28 12:19:22.337,French Jewish groups set up a hotline for people in the community traumatized by Israel-Hamas war,world,https://www.theglobeandmail.com/world/article-french-jewish-groups-set-up-a-hotline-for-people-in-the-community/
2023-10-28 11:12:49.281,Netanyahu says the Israel-Hamas war has entered ‘long and difficult’ new stage with expanded ground operation in Gaza,world,https://www.theglobeandmail.com/world/article-israel-expands-ground-operation-in-gaza-and-bombs-hamas-tunnels-after/
2023-10-28 03:48:31.300,Hamas vows ‘full force’ after Israel steps up Gaza ground operations,world,https://www.theglobeandmail.com/world/article-hamas-vows-full-force-after-israel-steps-up-gaza-ground-operations/
2023-10-28 01:24:15.057,Ontario NDP in turmoil after removal of MPP Sarah Jama over Israel-Hamas statements ,canada,https://www.theglobeandmail.com/canada/article-ontario-ndp-in-turmoil-after-removal-of-mpp-sarah-jama-over-israel/
2023-10-27 23:48:44.419,Families of Israeli hostages protest government failure to bring loved ones home,world,https://www.theglobeandmail.com/world/article-families-of-israeli-hostages-protest-government-failure-to-bring-loved/
2023-10-27 23:35:41.354,Prospect of war expanding to Lebanon has Cyprus preparing for more asylum seekers,world,https://www.theglobeandmail.com/world/article-prospect-of-war-expanding-to-lebanon-has-cyprus-preparing-for-more/
2023-10-27 23:31:44.567,"Canadian business leaders call for increased safety efforts in wake of rising antisemitism, Islamophobia",report on business,https://www.theglobeandmail.com/business/article-canadian-business-leaders-call-for-increased-safety-efforts-in-wake-of/
2023-10-27 23:15:29.133,Web Summit ex-CEO Paddy Cosgrave apologizes for his remarks on the Israel-Hamas war,report on business,https://www.theglobeandmail.com/business/article-web-summit-ex-ceo-paddy-cosgrave-apologizes-for-his-remarks-on-the/
2023-10-27 23:01:50.636,Why that photo you saw on social media may not be published in The Globe,standards editor,https://www.theglobeandmail.com/standards-editor/article-why-that-photo-you-saw-on-social-media-may-not-be-published-in-the/
2023-10-27 21:15:13.323,"Israeli military intensifies attacks on Gaza, expands ground operations after phone and internet connections cut",world,https://www.theglobeandmail.com/world/article-israeli-military-intensifies-attacks-on-gaza-expands-ground-operations/
2023-10-27 17:48:32.304,"At United Nations, Canada to speak about humanitarian pauses in Israel-Hamas war",world,https://www.theglobeandmail.com/world/article-at-united-nations-canada-to-speak-about-humanitarian-pauses-in-israel/
2023-10-27 17:22:05.142,"Netanyahu must oversee near-perfect military operation in Gaza to keep his job, analysts say     ",analysis,https://www.theglobeandmail.com/world/article-netanyahu-must-oversee-near-perfect-military-operation-in-gaza-to-keep/
2023-10-27 09:40:21.760,Israel-Hamas war updates: Here’s what happened on Oct. 27,world,https://www.theglobeandmail.com/world/article-israel-hamas-war-updates-october-27/
2023-10-27 09:00:00.000,"Why can’t Israelis and Palestinians make a deal? Too much history, and not enough geography",opinion,https://www.theglobeandmail.com/business/commentary/article-why-cant-israel-and-palestine-make-a-deal-too-much-history-and-not/
2023-10-27 04:23:51.824,Oil rises more than $1 on fears of spread of Middle East conflict,international business,https://www.theglobeandmail.com/business/international-business/article-oil-rises-more-than-1-on-fears-of-spread-of-middle-east-conflict/
2023-10-26 23:25:33.579,"In Cyprus, Canadian soldiers await potential orders for evacuation of citizens in Lebanon",world,https://www.theglobeandmail.com/world/article-in-cyprus-canadian-soldiers-await-potential-orders-for-evacuation-of/
2023-10-26 22:58:34.813,"In Israel, survivors of Hamas massacre grapple with new realities and traumatic memories",world,https://www.theglobeandmail.com/world/article-in-israel-survivors-of-hamas-massacre-grapple-with-new-realities-and/
2023-10-26 22:57:28.573,"At least 27 journalists killed in Israel-Hamas war, press-freedom group says ",canada,https://www.theglobeandmail.com/canada/article-journalists-killed-in-israel-hamas-war/
2023-10-26 21:23:05.158,"Evening Update: Seventh Canadian killed in Israel-Hamas hostilities, Global Affairs says",canada,https://www.theglobeandmail.com/canada/article-evening-update-seventh-canadian-killed-in-israel-hamas-hostilities/
2023-10-26 17:53:27.066,The cultural world is being ruptured by the Israel-Hamas war ,opinion,https://www.theglobeandmail.com/opinion/article-the-cultural-world-is-being-ruptured-by-the-israel-hamas-war/
2023-10-26 14:52:32.428,"Seventh person with connections to Canada killed in Israel-Hamas hostilities, two still missing, Global Affairs says",politics,https://www.theglobeandmail.com/politics/article-seventh-canadian-killed-israel-hamas/
2023-10-26 14:26:43.387,"Aid convoys to Gaza were ‘set up to fail,’ UN official says, as humanitarian crisis worsens",exclusive,https://www.theglobeandmail.com/world/article-gaza-aid-convoy-trucks-unrwa/
2023-10-26 12:22:24.262,Israeli troops conduct raid in Gaza to ‘prepare’ for an expected full-scale incursion ,world,https://www.theglobeandmail.com/world/article-israeli-troops-carry-out-hours-long-ground-raid-into-gaza-before/
2023-10-26 09:43:51.928,Israel-Hamas war updates: Here’s what happened on Oct. 26,world,https://www.theglobeandmail.com/world/article-israel-hamas-war-updates-october-26/
2023-10-25 23:46:23.966,Liberals remain divided after Trudeau’s call for ‘humanitarian pauses’ in Israel-Hamas war,politics,https://www.theglobeandmail.com/politics/article-liberals-caucus-israel-hamas-war/
2023-10-25 20:59:59.769,Reports of use of white phosphorus in attacks in Lebanon increase tensions in an already strained situation ,world,https://www.theglobeandmail.com/world/article-reports-of-use-of-white-phosphorus-in-attacks-in-lebanon-increase/
2023-10-25 20:32:39.566,‘Anywhere we go war is following us’: Those who fled Ukraine face a new conflict zone in Israel,world,https://www.theglobeandmail.com/world/article-anywhere-we-go-war-is-following-us-those-who-fled-ukraine-face-a-new/
2023-10-25 14:00:00.000,"For Jewish people, the Hamas massacre has resurfaced painful family trauma ",opinion,https://www.theglobeandmail.com/opinion/article-for-jewish-people-the-hamas-massacre-has-resurfaced-painful-family/
2023-10-25 12:40:08.829,UN warns Gaza blockade could force it to sharply cut relief operations as bombings rise,world,https://www.theglobeandmail.com/world/article-un-warns-gaza-blockade-could-force-it-to-sharply-cut-relief-operations/
2023-10-25 12:28:23.958,"Gaza needs billions in aid to reverse years of restrictions, UN trade body says",world,https://www.theglobeandmail.com/world/article-gaza-needs-billions-in-aid-to-reverse-years-of-restrictions-un-trade/
2023-10-25 10:25:47.826,Israel-Hamas war updates: Here’s what happened on Oct. 25,world,https://www.theglobeandmail.com/world/article-israel-hamas-war-updates-october-25/
2023-10-25 01:03:46.122,Canadian niece of released Hamas hostage shares relief and fear,canada,https://www.theglobeandmail.com/canada/article-canadian-niece-of-released-hamas-hostage-shares-relief-and-fear/
2023-10-25 00:44:08.349,Immigration Minister says Palestinians will not be sent back to Gaza if visas expire,politics,https://www.theglobeandmail.com/politics/article-immigration-minister-says-palestinians-will-not-be-sent-back-to-gaza/
2023-10-24 23:47:13.137,Hamas strikes Israeli cities in massive rocket assault as Gaza death toll rises,world,https://www.theglobeandmail.com/world/article-hamas-strikes-israeli-cities-in-massive-rocket-assault-as-gaza-death/
2023-10-24 21:47:42.642,"Canada joins U.S., others in call for ‘humanitarian pauses’ to allow more aid into Gaza",world,https://www.theglobeandmail.com/world/article-canada-joins-us-in-appealing-for-humanitarian-pauses-that-could-give/
2023-10-24 20:58:19.505,Lebanon’s financial crisis accidentally prepared it for war,world,https://www.theglobeandmail.com/world/article-lebanons-financial-crisis-accidentally-prepared-it-for-war/
2023-10-24 13:53:54.630,Student union that backed Palestinians says it won’t be silenced by political ‘bullying’ ,canada,https://www.theglobeandmail.com/canada/article-university-toronto-mississauga-student-union-palestinians/
2023-10-24 13:33:46.970,"As Israel-Hamas war rages, Wall Street’s top financiers sound gloomy note at ‘Davos in the Desert’",investment ideas,https://www.theglobeandmail.com/investing/investment-ideas/article-as-israel-hamas-war-rages-wall-streets-top-financiers-sound-gloomy/
2023-10-24 09:53:09.471,Israel-Hamas war updates: Here’s what happened on Oct. 24,world,https://www.theglobeandmail.com/world/article-israel-hamas-war-updates-october-24/
2023-10-24 01:11:13.263,U.S. challenges Israeli ban on fuel supplies as Gaza siege intensifies,world,https://www.theglobeandmail.com/world/article-israel-gaza-fuel-ban/
2023-10-23 21:19:21.422,Palestinians in the West Bank fear escalating violence that has left dozens dead,the globe in west bank,https://www.theglobeandmail.com/world/article-palestinians-in-the-west-bank-fear-escalating-violence-that-has-left/
2023-10-23 20:34:08.675,Hamas frees two Israeli women as U.S. advises delaying ground war to allow talks on hostages,world,https://www.theglobeandmail.com/world/article-hamas-frees-two-israeli-women-as-us-advises-delaying-ground-war-to/
2023-10-23 18:03:01.231,Joly calls for de-escalation of violence in Middle East but stops short of demanding ceasefire,politics,https://www.theglobeandmail.com/politics/article-melanie-joly-deescalation-israel-hamas-ceasefire/
2023-10-23 10:12:26.010,Israel-Hamas war updates: Here’s what happened on Oct. 23,world,https://www.theglobeandmail.com/world/article-israel-hamas-war-updates-october-oct-23/
2023-10-23 01:11:32.372,"First emergency aid shipments to Gaza ‘totally insufficient,’ humanitarian agencies say",world,https://www.theglobeandmail.com/world/article-first-emergency-aid-shipments-to-gaza-totally-insufficient/
2023-10-23 00:17:48.181,CUPE leader apologizes for post celebrating ‘resistance’ after Hamas massacre of Israelis,canada,https://www.theglobeandmail.com/canada/article-fred-hahn-cupe-leader-tweets-apology/
2023-10-22 14:57:52.295,European rallies urge end to anti-Semitism as pro-Palestinian demonstrations continue worldwide,world,https://www.theglobeandmail.com/world/article-european-rallies-urge-end-to-antisemitism-as-pro-palestinian/
2023-10-22 11:56:56.130,Israel-Hamas war updates: Here’s what happened on Oct. 22,world,https://www.theglobeandmail.com/world/article-israel-hamas-war-updates-israel-strikes-gaza-syria-and-west-bank-as/
2023-10-22 11:40:09.024,"Israel strikes Gaza, Syria and West Bank as war against Hamas threatens to ignite other fronts",world,https://www.theglobeandmail.com/world/article-israel-strikes-gaza-syria-and-west-bank-as-war-against-hamas-threatens/
2023-10-22 11:17:05.378,Israel welcomes Canada’s conclusion that Israel didn’t strike hospital in Gaza,canada,https://www.theglobeandmail.com/canada/article-canada-confident-israel-didnt-strike-hospital-in-gaza-as-ministers/
2023-10-21 16:35:32.246,Web Summit CEO resigns after backlash for comments on Israel-Hamas war,report on business,https://www.theglobeandmail.com/business/article-web-summit-ceo-resigns-after-backlash-for-comments-on-israel-hamas-war/
2023-10-21 12:35:57.552,Great Reads: Arab leaders on edge as the Israel-Hamas war continues; generative AI helping businesses save; Christine Sinclair says farewell,canada,https://www.theglobeandmail.com/canada/article-great-reads-arab-leaders-on-edge-as-the-israel-hamas-war-continues/
2023-10-21 12:01:49.433,Israel-Hamas war updates: Here’s what happened on Oct. 21,world,https://www.theglobeandmail.com/world/article-israel-hamas-war-updates-trucks-carrying-aid-arrive-in-gaza/
2023-10-21 01:34:40.667,"Delays continue for Gaza’s promised aid as food, water, medicine supplies dwindle to critical levels",world,https://www.theglobeandmail.com/world/article-delays-continue-for-gazas-promised-aid-as-food-water-medicine-supplies/
2023-10-21 01:21:55.054,York University may withdraw recognition of student unions over statements about Hamas attack,canada,https://www.theglobeandmail.com/canada/article-york-university-may-withdraw-recognition-of-student-unions-over/
2023-10-20 23:36:49.052,Canadian police forces on alert for hate crimes spurred by Israel-Hamas crisis,canada,https://www.theglobeandmail.com/canada/article-canadian-police-forces-on-alert-for-hate-crimes-spurred-by-israel/
2023-10-20 19:45:33.978,"Escalation of fighting between Israel and Lebanon risks ‘belt of fire,’ leading Lebanese politician says",world,https://www.theglobeandmail.com/world/article-escalation-of-fighting-between-israel-and-lebanon-risks-belt-of-fire/
2023-10-20 18:25:39.110,"Now is not the time to abandon aid to Kyiv, Ukrainian officials say",world,https://www.theglobeandmail.com/world/article-now-is-not-the-time-to-abandon-aid-to-kyiv-ukrainian-officials-say/
2023-10-20 18:17:27.611,Israel-Hamas war puts Arab leaders on edge as domestic anger grows and region unravels,analysis,https://www.theglobeandmail.com/world/article-israel-hamas-war-arab-leaders/
2023-10-20 17:48:47.465,"Hamas says it has released two hostages, an American mother and daughter",world,https://www.theglobeandmail.com/world/article-hamas-says-it-has-released-two-hostages-an-american-mother-and/
2023-10-20 16:48:31.831,Republican senators ask tech firms about content moderation in Israel-Hamas war,technology,https://www.theglobeandmail.com/business/technology/article-republican-senators-ask-tech-firms-about-content-moderation-in-israel/
2023-10-20 16:26:55.800,What businesses can learn from how universities dealt with Israel-Hamas war,opinion,https://www.theglobeandmail.com/business/commentary/article-what-businesses-can-learn-from-how-universities-dealt-with-israel/
2023-10-20 16:26:05.487,"Rift in Liberal Party grows as nearly two dozen MPs call for ceasefire, PM acknowledges divisions",politics,https://www.theglobeandmail.com/politics/article-trudeau-acknowledges-divisions-in-caucus-wont-repeat-canadian-envoys/
2023-10-20 14:46:54.973,"Israel aims to end its responsibility for Gaza Strip, minister says",world,https://www.theglobeandmail.com/world/article-israel-aims-to-end-its-responsibility-for-gaza-strip-minister-says/
2023-10-20 13:45:07.877,Understanding the guidance behind The Globe’s coverage of the Israel-Hamas war,standards editor,https://www.theglobeandmail.com/standards-editor/article-understanding-the-guidance-behind-the-globes-coverage-of-the-israel/
2023-10-20 13:35:55.514,"Even as Israel-Hamas war escalates, the global economy will be fine",opinion,https://www.theglobeandmail.com/business/commentary/article-even-as-israel-hamas-war-escalates-the-global-economy-will-be-fine/
2023-10-20 13:00:00.000,The Israel-Hamas war represents the Michael Bay-ification of geopolitics,opinion,https://www.theglobeandmail.com/opinion/article-whats-happening-in-the-middle-east-is-war-as-spectacle-viewer/
2023-10-20 12:00:00.000,Hamas’s attack has opened up another front in the growing war against liberal democracy,opinion,https://www.theglobeandmail.com/opinion/article-hamass-attack-has-opened-up-another-front-in-the-growing-war-against/
2023-10-20 12:00:00.000,Occupation made the two-state solution impossible. So what comes next?,opinion,https://www.theglobeandmail.com/opinion/article-occupation-made-the-two-state-solution-impossible-so-what-comes-next/
2023-10-20 10:29:59.919,Israel-Hamas war updates: Here’s what happened on Oct. 20,world,https://www.theglobeandmail.com/world/article-israel-hamas-war-live-updates-october-20/
2023-10-20 02:06:13.296,"Israel faces threats from militants in Lebanon, Yemen as it prepares for Gaza ground offensive",world,https://www.theglobeandmail.com/world/article-israel-faces-threats-from-militants-in-lebanon-yemen-as-it-prepares/
2023-10-20 01:31:21.503,Trudeau grapples with divided Liberal caucus as he navigates Israel-Hamas war,politics,https://www.theglobeandmail.com/politics/article-trudeau-grapples-with-divided-liberal-party-as-he-navigates-israel/
2023-10-19 23:59:45.147,Palestinians in Lebanon seek to rally international opposition to siege of Gaza ,world,https://www.theglobeandmail.com/world/article-palestinians-lebanon-israel-hezbollah/
2023-10-19 23:39:44.796,"For Arabs in Israeli town of Abu Ghosh, a life ‘caught in the middle’ of the religious divide ",world,https://www.theglobeandmail.com/world/article-for-arabs-in-israeli-town-of-abu-ghosh-a-life-caught-between-the/
2023-10-19 22:52:58.752,NDP MPP Sarah Jama threatens legal action against Doug Ford,canada,https://www.theglobeandmail.com/canada/article-ndp-mpp-sarah-jama-threatens-legal-action-against-doug-ford/
2023-10-19 19:53:01.029,"Canadian schools help affected students, parents cope with conflict in Israel and Gaza",canada,https://www.theglobeandmail.com/canada/article-canadian-schools-help-affected-students-parents-cope-with-conflict-in/
2023-10-19 17:34:27.586,Journalists in Gaza wrestle with issues of survival in addition to getting stories out,world,https://www.theglobeandmail.com/world/article-journalists-in-gaza-wrestle-with-issues-of-survival-in-addition-to/
2023-10-19 16:30:00.000,Hamas wants to lure Israel into a prolonged and brutal conflict ,opinion,https://www.theglobeandmail.com/opinion/article-hamas-wants-to-lure-israel-into-a-prolonged-and-brutal-conflict/
2023-10-19 14:00:00.000,Jews and Palestinians must not lose the ability to see each other as human,opinion,https://www.theglobeandmail.com/opinion/article-there-are-multiple-truths-for-israelis-and-palestinians-and-multiple/
2023-10-19 13:10:22.330,EU demands Meta and TikTok detail efforts to curb disinformation from Israel-Hamas war ,technology,https://www.theglobeandmail.com/business/technology/article-eu-demands-meta-and-tiktok-detail-efforts-to-curb-disinformation-from/
2023-10-19 11:00:18.274,Israel-Hamas war updates: Here’s what happened on Oct. 19,world,https://www.theglobeandmail.com/world/article-israel-hamas-war-updates-october-19/
2023-10-19 09:00:00.000,The threat of Hezbollah joining the Israel-Hamas war,the decibel: a daily news podcast from the globe and mail,https://www.theglobeandmail.com/podcasts/the-decibel/article-the-threat-of-hezbollah-joining-the-israel-hamas-war/
2023-10-19 08:41:00.110,Senior Hamas leader arrested in Israeli raid,world,https://www.theglobeandmail.com/world/article-top-hamas-leader-arrested-in-large-israeli-raid/
2023-10-19 01:52:00.936,"Biden reaffirms support for Israel, says deal struck for Gaza aid to enter from Egypt",world,https://www.theglobeandmail.com/world/article-biden-reaffirms-support-for-israel-says-deal-struck-for-gaza-aid-to/
2023-10-18 20:43:25.080,Hezbollah warns it will respond to deadly Gaza hospital attack ,world,https://www.theglobeandmail.com/world/article-hezbollah-gaza-hospital-attack/
2023-10-18 20:40:14.460,Liberal MPs call for ceasefire in Israel-Hamas war,politics,https://www.theglobeandmail.com/politics/article-liberal-mps-call-for-ceasefire-in-israel-hamas-war/
2023-10-18 17:54:26.541,Egypt and Jordan refuse to take in Palestinian refugees from Gaza. Here’s why,world,https://www.theglobeandmail.com/world/article-why-egypt-and-other-arab-countries-are-unwilling-to-take-in/
2023-10-18 16:27:12.609,Fear has replaced hope in Israel. That must be resisted,opinion,https://www.theglobeandmail.com/opinion/article-fear-has-replaced-hope-in-israel-that-must-be-resisted/
2023-10-18 16:00:00.000,An antisemitic thread runs from Hamas to Tehran,opinion,https://www.theglobeandmail.com/opinion/article-an-antisemitic-thread-runs-from-hamas-to-tehran/
2023-10-18 15:26:58.584,Biden promises ‘unprecedented’ military aid to Israel in visit with Netanyahu,world,https://www.theglobeandmail.com/world/us-politics/article-joe-biden-israel-aid-gaza/
2023-10-18 10:49:32.951,Israel-Hamas war updates: Here’s what happened on Oct. 18,world,https://www.theglobeandmail.com/world/article-israel-hamas-gaza-war-live-updates-oct-18-2/
2023-10-18 01:49:35.880,Hundreds feared dead in Gaza hospital explosion amid conflicting accusations,world,https://www.theglobeandmail.com/world/article-hundreds-feared-dead-in-gaza-hospital-explosion-amid-conflicting/
2023-10-18 01:26:05.523,"Canadian father wants to get his five children out of Gaza, but evacuation still impossible ",canada,https://www.theglobeandmail.com/canada/article-canadian-father-wants-to-get-his-five-children-out-of-gaza-but/
2023-10-18 00:54:13.156,"Canadian man killed in Hamas attack threw himself on a grenade to save fiancée, family says",canada,https://www.theglobeandmail.com/canada/article-canadian-man-killed-in-hamas-attack-threw-himself-on-a-grenade-to-save/
2023-10-17 23:23:52.624,Those living near Israel-Lebanon border face fear and resolve as fighting intensifies,world,https://www.theglobeandmail.com/world/article-lebanon-israel-border-evacuation/
2023-10-17 22:39:11.958,Summit with Arab leaders called off as President Biden heads to Israel,world,https://www.theglobeandmail.com/world/article-summit-with-arab-leaders-called-off-as-president-biden-heads-to-israel/
2023-10-17 19:47:23.545,"Blast kills hundreds at Gaza hospital; Hamas and Israel trade blame, as Jordan cancels summit with Biden ",world,https://www.theglobeandmail.com/world/article-hamas-says-israeli-airstrike-on-gaza-hospital-kills-hundreds-as-biden/
2023-10-17 18:28:52.545,UN agency warns of ‘chilling’ situation facing pregnant women in Gaza,world,https://www.theglobeandmail.com/world/article-un-agency-warns-of-chilling-situation-facing-pregnant-women-in-gaza/
2023-10-17 16:36:20.381,How oil and other commodities are faring this month amid concerns over Israel-Hamas war,on commodities,https://www.theglobeandmail.com/investing/investment-ideas/article-how-oil-and-other-commodities-are-faring-this-month-amid-concerns-over/
2023-10-17 14:13:52.139,Peacemakers in Israel coming to difficult conclusion that negotiations with Hamas are futile,world,https://www.theglobeandmail.com/world/article-israeli-peace-activists-hamas/
2023-10-17 10:47:23.652,Israel-Hamas war updates: Here’s what happened on Oct. 17,world,https://www.theglobeandmail.com/world/article-israel-hamas-gaza-war-live-updates-oct-17/
2023-10-17 01:55:14.836,Desperately needed aid for Gaza stuck on Egyptian border as leaders call for corridor to open,world,https://www.theglobeandmail.com/world/article-desperately-needed-aid-for-gaza-stuck-on-egyptian-border-as-leaders/
2023-10-17 01:21:08.287,Canadians in Gaza face harrowing choices ahead of expected Israeli invasion,canada,https://www.theglobeandmail.com/canada/article-canadians-in-gaza-face-harrowing-choices-ahead-of-expected-israeli/
2023-10-16 23:15:40.913,UN Security Council rejects Russia’s resolution on Gaza that fails to mention Hamas,world,https://www.theglobeandmail.com/world/article-un-security-council-meets-to-vote-on-rival-russian-and-brazilian/
2023-10-16 23:00:24.147,Sometimes the greatest way to say something is to say nothing at all,opinion,https://www.theglobeandmail.com/business/commentary/article-sometimes-the-greatest-way-to-say-something-is-to-say-nothing-at-all/
2023-10-16 21:45:00.169,Many in Lebanon dread the prospect of war with Israel as tensions escalate in the region,world,https://www.theglobeandmail.com/world/article-lebanon-israel-war-hezbollah/
2023-10-16 17:53:46.959,Israel must act within the bounds of international law,opinion,https://www.theglobeandmail.com/opinion/article-israel-must-act-within-the-bounds-of-international-law/
2023-10-16 17:31:22.299,"Potential Biden trip to Israel rife with security, political challenges",world,https://www.theglobeandmail.com/world/article-potential-biden-trip-to-israel-rife-with-security-political-challenges/
2023-10-16 17:00:05.857,Scottish leader says wife’s parents risk running out of food in Gaza,world,https://www.theglobeandmail.com/world/article-scottish-leader-says-wifes-parents-risk-running-out-of-food-in-gaza/
2023-10-16 16:25:00.829,More than 20 Canadians evacuated from West Bank to Jordan,politics,https://www.theglobeandmail.com/politics/article-canadian-evacuations-west-bank-jordan/
2023-10-16 15:55:41.246,Slain Palestinian boy mourned in Illinois after suspect appears in court,world,https://www.theglobeandmail.com/world/article-funeral-for-6-year-old-palestinian-boy-killed-by-landlord-to-be-held/
2023-10-16 15:02:16.487,Ottawa announces special envoy on antisemitism and pledges new law on online hate,politics,https://www.theglobeandmail.com/politics/article-canada-special-envoy-holocaust-remembrance/
2023-10-16 11:00:00.000,Canadians lend their efforts to help as Middle Eastern humanitarian crisis grows dire,canada,https://www.theglobeandmail.com/canada/article-canadians-lend-their-efforts-to-help-with-middle-eastern-crisis/
2023-10-16 10:49:33.539,Israel-Hamas war updates: Here’s what happened on Oct. 16,world,https://www.theglobeandmail.com/world/article-israel-hamas-war-updates-october-16/
2023-10-16 09:00:00.000,Inside the Israel-Gaza war zone ,the decibel: a daily news podcast from the globe and mail,https://www.theglobeandmail.com/podcasts/the-decibel/article-inside-the-israel-gaza-war-zone/
2023-10-16 06:11:19.722,Talks fail to let aid reach Gaza; Israel evacuates Lebanon border,world,https://www.theglobeandmail.com/world/article-egypt-us-and-israel-reportedly-agree-to-several-hours-ceasefire-in/
2023-10-16 02:07:00.515,Number of people asking Canada for help fleeing Gaza doubles as fighting intensifies,canada,https://www.theglobeandmail.com/canada/article-number-of-people-asking-canada-for-help-fleeing-gaza-doubles-as/
2023-10-16 01:43:42.140,Pro-Palestinian rally followed by march in support of Israel on Parliament Hill,canada,https://www.theglobeandmail.com/canada/article-pro-palestinian-rally-followed-by-march-in-support-of-israel-on/
2023-10-15 23:54:51.803,"Illinois man killed Muslim boy and wounded woman in hate crime motivated by Israeli-Hamas war, police say",world,https://www.theglobeandmail.com/world/article-illinois-man-killed-muslim-boy-and-wounded-woman-in-hate-crime/
2023-10-15 23:43:39.254,Blinken returns to Israel as U.S. vows to mitigate deepening humanitarian crisis in Gaza ,u.s. politics,https://www.theglobeandmail.com/world/us-politics/article-blinken-plans-return-to-israel-as-us-vows-to-mitigate-deepening/
2023-10-15 21:55:45.129,Hezbollah flaunts its firepower as tensions mount at Israel-Lebanon border,world,https://www.theglobeandmail.com/world/article-hezbollah-flaunts-its-firepower-as-tensions-mount-at-israel-lebanon/
2023-10-15 21:39:19.140,Volunteers in Tel Aviv enlist technology to search for hostages taken by Hamas ,world,https://www.theglobeandmail.com/world/article-volunteers-in-tel-aviv-enlist-technology-to-locate-hostages-taken-by/
2023-10-15 19:42:56.996,Israeli rabbis work around the clock – even on the Sabbath – to count the dead from Hamas attack,world,https://www.theglobeandmail.com/world/article-israeli-rabbis-work-around-the-clock-even-on-the-sabbath-to-count-the/
2023-10-15 18:14:50.454,The war between Israel and Hamas is testing the Republican Party’s isolationist shift,world,https://www.theglobeandmail.com/world/article-the-war-between-israel-and-hamas-is-testing-the-republican-partys/
2023-10-15 18:06:01.448,Water runs out at UN shelters in Gaza. Medics fear for patients as Israeli ground offensive looms,world,https://www.theglobeandmail.com/world/article-water-runs-out-at-un-shelters-in-gaza-medics-fear-for-patients-as/
2023-10-15 16:02:13.002,A third-generation Israeli soldier has been missing for over a week. Her family can only wait,world,https://www.theglobeandmail.com/world/article-a-third-generation-israeli-soldier-has-been-missing-for-over-a-week/
2023-10-15 15:01:22.209,Israel-Hamas war upends China’s ambitions in the Middle East but may serve Beijing in the end,world,https://www.theglobeandmail.com/world/article-israel-hamas-war-upends-chinas-ambitions-in-the-middle-east-but-may/
2023-10-15 12:12:00.730,Water running out in Gaza as UN warns of ‘death sentence’ to hospital patients,world,https://www.theglobeandmail.com/world/article-israel-hamas-gaza-hospitals-humanitarian-crisis/
2023-10-15 10:41:36.169,Packed Gaza hospitals warn of ‘another catastrophe’ as supplies run low and Israeli ground offensive looms,world,https://www.theglobeandmail.com/world/article-israel-hamas-gaza-hospital/
2023-10-15 10:13:27.449,"In horrific killings by Hamas, Israeli trauma over the Holocaust resurfaces",world,https://www.theglobeandmail.com/world/article-israel-hamas-holocaust-trauma/
2023-10-15 09:43:55.410,Israel-Hamas war updates: Here’s what happened on Oct. 15,world,https://www.theglobeandmail.com/world/article-israel-hamas-gaza-war-live-updates-oct-15/
2023-10-14 21:26:46.101,Biden told to press Israel on safety of civilians in Gaza Strip,u.s. politics,https://www.theglobeandmail.com/world/us-politics/article-biden-told-to-press-israel-on-safety-of-civilians-in-gaza-strip/
2023-10-14 11:30:00.000,Conflict in Gaza brings strife to Canadian campuses,canada,https://www.theglobeandmail.com/canada/article-conflict-in-gaza-brings-strife-to-canadian-campuses/
2023-10-14 11:00:00.000,Rallies raise question of whether Canada should have a law against public cheering of terrorism,canada,https://www.theglobeandmail.com/canada/article-rallies-raise-question-of-whether-canada-should-have-a-law-against/
2023-10-14 08:43:07.849,"Israelis, Palestinians recount the chaotic hours of Oct. 7 and its first sparks of war",world,https://www.theglobeandmail.com/world/article-israelis-palestinian-recount-the-chaotic-hours-of-oct-7-and-its-first/
2023-10-14 04:54:00.571,Israel-Hamas war updates: Here’s what happened on Oct. 14,world,https://www.theglobeandmail.com/world/article-israel-hamas-war-updates-october-14/
2023-10-14 01:27:19.229,"Hate incidents across Canada prompt schools, places of worship to tighten security",canada,https://www.theglobeandmail.com/canada/article-hate-incidents-across-canada-prompt-schools-places-of-worship-to/
2023-10-14 00:40:28.201,Israeli troops launch raid into Gaza as pressure escalates on besieged territory,world,https://www.theglobeandmail.com/world/article-israel-troops-gaza-raid/
2023-10-13 23:55:08.542,Palestinian doctor from Gaza receives honorary degree from Toronto Metropolitan University,canada,https://www.theglobeandmail.com/canada/article-palestinian-doctor-gaza-degree-tmu/
2023-10-13 23:20:17.656,"Hamas, Israel and the ‘yes, but’ squad",opinion,https://www.theglobeandmail.com/canada/toronto/article-hamas-israel-and-the-yes-but-squad/
2023-10-13 22:35:14.396,"Journalist killed, six injured in deadly escalation between Israel and Hezbollah in Lebanon",world,https://www.theglobeandmail.com/world/article-journalist-killed-six-injured-in-deadly-escalation-between-israel-and/
2023-10-13 21:54:33.857,Friends and families mourn the loss of Canadians killed by Hamas in Israel,canada,https://www.theglobeandmail.com/canada/article-friends-and-families-mourn-the-loss-of-canadians-killed-by-hamas-in/
2023-10-13 20:31:57.175,"Hamas practiced in plain sight, posting video of mock attack weeks before border breach",report on business,https://www.theglobeandmail.com/business/article-hamas-practiced-in-plain-sight-posting-video-of-mock-attack-weeks/
2023-10-13 19:49:47.034,An Israeli father worries for his missing child: ‘My daughter didn’t go to war. She just went to dance’,world,https://www.theglobeandmail.com/world/article-an-israeli-father-worries-for-his-missing-child-my-daughter-didnt-go/
2023-10-13 17:17:51.800,"A music festival survivor fleeing the attack, a pair of Hamas militants and a deadly decision",world,https://www.theglobeandmail.com/world/article-a-music-festival-survivor-fleeing-the-attack-a-pair-of-hamas-militants/
2023-10-13 17:12:44.465,EU President Michel warns about spillover of Israel-Hamas war into Europe,world,https://www.theglobeandmail.com/world/article-eu-president-michel-warns-about-spillover-of-israel-hamas-war-into/
2023-10-13 16:21:15.397,Where things go for the Biden administration amid the Israel-Hamas war,analysis,https://www.theglobeandmail.com/world/us-politics/article-where-things-go-for-the-biden-administration-amid-the-israel-hamas-war/
2023-10-13 15:17:41.667,Israeli evacuation call in Gaza hikes Egypt’s fears of a mass exodus of refugees into its territory,world,https://www.theglobeandmail.com/world/article-israeli-evacuation-call-in-gaza-hikes-egypts-fears-of-a-mass-exodus-of/
2023-10-13 15:05:07.410,"Saudi Arabia delays plans to formalize ties with Israel, sources say",world,https://www.theglobeandmail.com/world/article-saudi-arabia-puts-israel-deal-on-ice-amid-war-engages-with-iran/
2023-10-13 13:00:00.000,"Amid images of Hamas’s brutality, how can so many in the West be so callous?",opinion,https://www.theglobeandmail.com/opinion/article-amid-images-of-hamass-brutality-how-can-so-many-in-the-west-be-so/
2023-10-13 12:00:00.000,Why does the left still go so easy on Hamas?,opinion,https://www.theglobeandmail.com/opinion/article-why-does-the-left-still-go-so-easy-on-hamas/
2023-10-13 11:12:39.729,Blinken meets with Jordanian King in Amman as he continues extensive Middle East tour,world,https://www.theglobeandmail.com/world/article-blinken-meets-with-jordanian-king-in-amman-as-he-continues-extensive/
2023-10-13 11:00:00.000,"However the Israel-Hamas war ends, there is one big winner: the defence sector",opinion,https://www.theglobeandmail.com/business/commentary/article-israel-hamas-war-defence-stocks-sector/
2023-10-13 10:00:00.000,Why can’t Israelis and Palestinians make a deal?,opinion,https://www.theglobeandmail.com/business/commentary/article-why-cant-israelis-and-palestinians-make-a-deal/
2023-10-13 09:00:00.000,The influence of the U.S. on the Israel-Hamas war,the decibel: a daily news podcast from the globe and mail,https://www.theglobeandmail.com/podcasts/the-decibel/article-the-influence-of-the-us-on-the-israel-hamas-war/
2023-10-13 04:33:09.168,Israel-Hamas war live updates: Here’s what happened on Oct. 13,world,https://www.theglobeandmail.com/world/article-israel-hamas-war-updates-october-13/
2023-10-13 04:22:12.184,Israeli military says troops make first ground raids into Gaza ,world,https://www.theglobeandmail.com/world/article-israel-warns-half-of-gazas-population-to-move-south-un-says/
2023-10-13 02:01:07.520,Canadians trapped in Gaza with no safe way out await help from Ottawa ,canada,https://www.theglobeandmail.com/canada/article-canadians-trapped-in-gaza-with-no-safe-way-out-await-help-from-ottawa/
2023-10-13 01:36:47.403,"Canadian schools, synagogues, community centres ramp up security after Hamas attack in Israel",canada,https://www.theglobeandmail.com/canada/article-canadian-schools-synagogues-community-centres-ramp-up-security-after/
2023-10-12 22:45:18.727,"B.C. church group, caught between Israel-Hamas war, struggles to get home",canada,https://www.theglobeandmail.com/canada/article-bc-church-group-caught-between-israel-hamas-war-struggles-to-get-home/
2023-10-12 20:54:55.163,U.S. Secretary of State Blinken calls on Israel to minimize civilian deaths ahead of expected ground invasion of Gaza,world,https://www.theglobeandmail.com/world/article-israel-hamas-full-siege-gaza-blinken/
2023-10-12 20:47:37.325,This is a moment for unity – and a test of our moral mettle. Will Canada pass?,opinion,https://www.theglobeandmail.com/opinion/article-this-is-a-moment-for-unity-and-a-test-of-our-moral-mettle-will-canada/
2023-10-12 19:40:27.712,"Hamas attack would fall under jurisdiction of war crimes court, says prosecutor",world,https://www.theglobeandmail.com/world/article-hamas-attack-would-fall-under-jurisdiction-of-war-crimes-court-says/
2023-10-12 19:26:37.343,Canadian Jews are heartbroken - and extremely anxious about what will come ,opinion,https://www.theglobeandmail.com/opinion/article-canadian-jews-are-heartbroken-and-extremely-anxious-about-what-will/
2023-10-12 19:21:13.858,"As desperation in Gaza grows, Israel says it won’t allow aid to flow until Hamas releases hostages",world,https://www.theglobeandmail.com/world/article-as-desperation-in-gaza-grows-israel-says-it-wont-allow-aid-to-flow/
2023-10-12 18:10:22.477,"Israel’s agony: As the Jewish state is reborn, Israelis face terrifying options ",opinion,https://www.theglobeandmail.com/opinion/article-israels-agony-as-the-jewish-state-is-reborn-israelis-face-terrifying/
2023-10-12 18:00:00.000,"If you can’t say anything reasonable, say nothing at all",opinion,https://www.theglobeandmail.com/opinion/article-if-you-cant-say-anything-reasonable-say-nothing-at-all/
2023-10-12 16:42:39.860,‘Shock and grief’ now part of the job for tour companies amid Israel-Hamas war,canada,https://www.theglobeandmail.com/canada/article-tour-companies-reeling-as-canadians-rethink-israel-travel-plans/
2023-10-12 14:22:46.039,"Mélanie Joly visits Israel as evacuation flights begin, number of missing Canadians grows",politics,https://www.theglobeandmail.com/politics/article-first-canadian-government-evacuation-flight-departs-israel/
2023-10-12 11:53:43.640,EU asks Musk’s X for information on hate speech and ‘illegal content’ related to Israel-Hamas war ,technology,https://www.theglobeandmail.com/business/technology/article-social-media-platform-x-has-taken-down-hundreds-of-hamas-linked/
2023-10-12 11:00:00.000,Quint’s statement highlights Canada’s lack of influence on global stage,opinion,https://www.theglobeandmail.com/politics/article-clark-hamas-israel-canada-quint/
2023-10-12 09:06:23.929,Israel-Hamas war updates: Here’s what happened on Oct. 12 ,world,https://www.theglobeandmail.com/world/article-israel-hamas-war-live-updates-israel-conducts-large-scale-strike-on/
2023-10-11 11:34:53.744,"Russia and Saudi Arabia discuss oil market, prices amid Israel-Hamas war",energy and resources,https://www.theglobeandmail.com/business/industry-news/energy-and-resources/article-russia-and-saudi-arabia-discuss-oil-market-prices-amid-israel-hamas/
2023-10-11 10:38:35.210,Israel-Hamas war updates: Here’s what happened on Oct. 11,world,https://www.theglobeandmail.com/world/article-israel-hamas-war-october-11/
2023-10-10 21:49:37.804,The Globe’s team on the ground in the Middle East,world,https://www.theglobeandmail.com/world/article-globe-and-mail-correspondents-middle-east/
2023-10-10 16:56:59.604,"X promises ‘highest level’ response on posts about Israel-Hamas war, but misinformation still flourishes",world,https://www.theglobeandmail.com/world/article-x-promises-highest-level-response-on-posts-about-israel-hamas-war-but/
2023-10-10 14:55:21.210,Israel-Hamas war updates: Here’s what happened on Oct. 10,world,https://www.theglobeandmail.com/world/article-israel-hamas-war-live-october-10/
2023-10-09 14:57:24.273,"Qatar in talks with Hamas, Israel to swap Israeli hostages for Palestinians in Israeli jails",report on business,https://www.theglobeandmail.com/business/article-qatar-in-talks-with-hamas-israel-to-swap-israeli-hostages-for/
2023-10-09 04:43:29.129,Several airlines suspend Tel Aviv flights until safety conditions improve,world,https://www.theglobeandmail.com/world/article-several-airlines-suspend-tel-aviv-flights-until-safety-conditions/
2023-10-09 01:01:12.000,Footage shows people taken hostage by Hamas at dance party in Israel,world,https://www.theglobeandmail.com/world/video-footage-shows-people-taken-hostage-by-hamas-at-dance-party-in-israel/
2023-10-09 00:47:29.759,U.S. announces military aid for Israel as Hamas attack delivers blow to Biden push for Saudi-Israel normalization,u.s. politics,https://www.theglobeandmail.com/world/us-politics/article-us-announces-military-aid-for-israel-as-hamas-attack-delivers-blow-to/
2023-10-09 00:28:54.407,"Hamas’s surprise attack on Israel marks a failure of intelligence operations, experts say",canada,https://www.theglobeandmail.com/canada/article-israeli-intelligence-hamas-attack/
2023-10-08 17:43:12.641,"Canadians stuck in Israel as flights are cancelled, embassy closed for Thanksgiving",canada,https://www.theglobeandmail.com/canada/article-canadians-stuck-in-israel-as-flights-are-cancelled-embassy-closed-for/
2023-10-08 17:30:00.000,The Israel-Gaza war will have grave repercussions in the Middle East and beyond,opinion,https://www.theglobeandmail.com/opinion/article-the-israel-gaza-war-will-have-grave-repercussions-in-the-middle-east/
2023-10-08 10:36:46.000,In photos: Israel battles Hamas for a second day after mass incursion,global reporting,https://www.theglobeandmail.com/world/global-reporting/gallery-in-photos-israel-battles-hamas-for-a-second-day-after-mass-incursion/
2023-10-08 00:36:35.414,Ukraine’s Zelensky calls for world solidarity with Israel,world,https://www.theglobeandmail.com/world/article-ukraines-zelensky-calls-for-world-solidarity-with-israel/
2023-10-07 21:52:33.671,The heinous attack on Israel is yet another war crime perpetrated by Hamas,opinion,https://www.theglobeandmail.com/opinion/article-the-heinous-attack-on-israel-is-yet-another-war-crime-perpetuated-by/
2023-10-07 15:01:57.764,Canada and the U.S. condemn Hamas’s surprise attacks on Israel,world,https://www.theglobeandmail.com/world/article-canada-us-hamas-attack-israel/
2023-10-07 12:23:50.000,"In photos: Israel declares war on Hamas following rocket attacks, invasion",world,https://www.theglobeandmail.com/world/global-reporting/gallery-in-photos-israel-declares-war-on-hamas-following-rocket-attacks/
2023-10-01 13:30:30.121,"Migrant boat washes ashore in Israel, fate of passengers unknown",world,https://www.theglobeandmail.com/world/article-migrant-boat-washes-ashore-in-israel-fate-of-passengers-unknown/
